,x1,x2,x3,x1
0,4545,abcd,2021-05-21,4545
1,45455,asdfabcd,2021-05-21,45455
2,45455,asdfabcd,2021-05-21,45455
3,45455,asdfabcd,2021-05-21,45455
4,45455,asdfabcd,2021-05-21,45455
5,45455,asdfabcd,2021-05-21,45455
6,45455,asdfabcd,2021-05-21,45455
7,45455,asdfabcd,2021-05-21,45455
8,45455,asdfabcd,2021-05-21,45455
9,45455,asdfabcd,2021-05-21,45455
10,45455,asdfabcd,2021-05-21,45455
11,45455,asdfabcd,2021-05-21,45455
12,45455,asdfabcd,2021-05-21,45455
13,45455,asdfabcd,2021-05-21,45455
14,45455,asdfabcd,2021-05-21,45455
15,45455,asdfabcd,2021-05-21,45455
16,4545,abcd,2021-05-21,4545
17,45455,asdfabcd,2021-05-21,45455
18,45455,asdfabcd,2021-05-21,45455
19,45455,asdfabcd,2021-05-21,45455
20,45455,asdfabcd,2021-05-21,45455
21,45455,asdfabcd,2021-05-21,45455
22,45455,asdfabcd,2021-05-21,45455
23,45455,asdfabcd,2021-05-21,45455
24,45455,asdfabcd,2021-05-21,45455
25,45455,asdfabcd,2021-05-21,45455
26,45455,asdfabcd,2021-05-21,45455
27,45455,asdfabcd,2021-05-21,45455
28,45455,asdfabcd,2021-05-21,45455
29,45455,asdfabcd,2021-05-21,45455
30,45455,asdfabcd,2021-05-21,45455
31,45455,asdfabcd,2021-05-21,45455
32,4545,abcd,2021-05-21,4545
33,45455,asdfabcd,2021-05-21,45455
34,4545,abcd,2021-05-21,4545
35,45455,asdfabcd,2021-05-21,45455
36,45455,asdfabcd,2021-05-21,45455
37,45455,asdfabcd,2021-05-21,45455
38,45455,asdfabcd,2021-05-21,45455
39,45455,asdfabcd,2021-05-21,45455
40,45455,asdfabcd,2021-05-21,45455
41,45455,asdfabcd,2021-05-21,45455
42,45455,asdfabcd,2021-05-21,45455
43,45455,asdfabcd,2021-05-21,45455
44,45455,asdfabcd,2021-05-21,45455
45,45455,asdfabcd,2021-05-21,45455
46,45455,asdfabcd,2021-05-21,45455
47,45455,asdfabcd,2021-05-21,45455
48,45455,asdfabcd,2021-05-21,45455
49,45455,asdfabcd,2021-05-21,45455
50,4545,abcd,2021-05-21,4545
51,45455,asdfabcd,2021-05-21,45455
52,45455,asdfabcd,2021-05-21,45455
53,45455,asdfabcd,2021-05-21,45455
54,45455,asdfabcd,2021-05-21,45455
55,45455,asdfabcd,2021-05-21,45455
56,45455,asdfabcd,2021-05-21,45455
57,45455,asdfabcd,2021-05-21,45455
58,45455,asdfabcd,2021-05-21,45455
59,45455,asdfabcd,2021-05-21,45455
60,45455,asdfabcd,2021-05-21,45455
61,45455,asdfabcd,2021-05-21,45455
62,45455,asdfabcd,2021-05-21,45455
63,45455,asdfabcd,2021-05-21,45455
64,45455,asdfabcd,2021-05-21,45455
65,45455,asdfabcd,2021-05-21,45455
